Data,MSE,MAE,RMSE,R2
Training,0.00027783193297780003,0.012832455527545429,0.016668291243489838,0.9679863490532962
Testing,0.00772478089005087,0.07836644231656209,0.08789073267444567,0.5710428143426903
